{
    "a": 94068.97843196803,
    "mean": 90.77721543444488,
    "sigma": 2.3140055061651634
}