{
    "a": 520447.70618026686,
    "mean": 90.7642340527327,
    "sigma": 2.4238664426787193
}