{
    "a": -0.009961411368749395,
    "mean": 90.99999891328677,
    "sigma": 2.0000077793300166
}