{
    "a": 3895.958900250049,
    "mean": 42.55810046999022,
    "sigma": 4.936131914079084
}