{
    "a": 5050.253421610984,
    "mean": 90.44914014088212,
    "sigma": 2.34038997675899
}