{
    "a": 4766.961505284313,
    "mean": 90.52242500961984,
    "sigma": 2.386645150043411
}