{
    "a": 5337.07626738239,
    "mean": 45.553174278697874,
    "sigma": 60.34677134381198
}