{
    "a": 391.4500954008784,
    "mean": 48.19756356590549,
    "sigma": 58.179085742418636
}