{
    "a": 7610.593141826537,
    "mean": 76.52055104383948,
    "sigma": 17.185712832118725
}