{
    "a": 7632.20811574254,
    "mean": 76.79045927350884,
    "sigma": 17.13450728634946
}